,Feature,Feature Importance
81,incident_severity_Major Damage,24.826204606203923
52,insured_hobbies_chess,7.508848652464935
53,insured_hobbies_cross-fit,5.1367767943719675
15,property_claim,3.112796387995143
6,insured_zip,2.9102939233316465
4,policy_annual_premium,2.772226496660152
2,policy_number,2.5130294706155505
14,injury_claim,2.380459961172058
12,witnesses,2.2726273564238273
8,capital-loss,2.229241636318781
